quintile,excess returns,close
1,-0.23743812650884835,-0.2411683123618626
2,0.058872052104044476,0.05514186625103023
3,0.10071439968032761,0.09698421382731336
4,0.07600760148202211,0.07227741562900786
5,0.01445279447814192,0.010722608625127673
