quintile,excess returns,close(%)
1,-0.23743812099287284,-0.24116830363143715
2,0.05887205316157519,0.05514187052301087
3,0.10071439495087496,0.09698421231231065
4,0.07600759531378512,0.07227741267522081
5,0.01445279852339219,0.010722615884827874
